[{"fullName":"@openzeppelin/contracts/utils/Address.sol:Address","displayName":"Address","size":45,"previousSize":45},{"fullName":"hardhat/console.sol:console","displayName":"console","size":45,"previousSize":45},{"fullName":"@openzeppelin/contracts/utils/Context.sol:Context","displayName":"Context","size":0,"previousSize":null},{"fullName":"@openzeppelin/contracts/token/ERC20/IERC20.sol:IERC20","displayName":"IERC20","size":0,"previousSize":null},{"fullName":"@openzeppelin/contracts/token/ERC20/extensions/draft-IERC20Permit.sol:IERC20Permit","displayName":"IERC20Permit","size":0,"previousSize":null},{"fullName":"contracts/interfaces/IMasterChefRewarder.sol:IMasterChefRewarder","displayName":"IMasterChefRewarder","size":0,"previousSize":null},{"fullName":"contracts/interfaces/IMasterChefV1.sol:IMasterChefV1","displayName":"IMasterChefV1","size":0,"previousSize":null},{"fullName":"contracts/interfaces/IMasterChefV2.sol:IMasterChefV2","displayName":"IMasterChefV2","size":0,"previousSize":null},{"fullName":"contracts/interfaces/ISushiFactory.sol:ISushiFactory","displayName":"ISushiFactory","size":0,"previousSize":null},{"fullName":"contracts/interfaces/ISushiRouter.sol:ISushiRouter","displayName":"ISushiRouter","size":0,"previousSize":null},{"fullName":"@openzeppelin/contracts/access/Ownable.sol:Ownable","displayName":"Ownable","size":0,"previousSize":null},{"fullName":"@openzeppelin/contracts/token/ERC20/utils/SafeERC20.sol:SafeERC20","displayName":"SafeERC20","size":45,"previousSize":45},{"fullName":"contracts/Sushi.sol:Sushi","displayName":"Sushi","size":6560,"previousSize":6560}]