{
  "_format": "hh-sol-cache-2",
  "files": {
    "D:\\__Work\\Task_Home\\sushi\\contracts\\interfaces\\IMasterChefRewarder.sol": {
      "lastModificationDate": 1676263049521,
      "contentHash": "7f414581c378b9e2401a320d7cc67032",
      "sourceName": "contracts/interfaces/IMasterChefRewarder.sol",
      "solcConfig": {
        "version": "0.8.18",
        "settings": {
          "metadata": {
            "bytecodeHash": "none",
            "useLiteralContent": false
          },
          "optimizer": {
            "enabled": false,
            "runs": 800
          },
          "outputSelection": {
            "*": {
              "*": [
                "abi",
                "evm.bytecode",
                "evm.deployedBytecode",
                "evm.methodIdentifiers",
                "metadata",
                "storageLayout"
              ],
              "": [
                "ast"
              ]
            }
          }
        }
      },
      "imports": [
        "@openzeppelin/contracts/token/ERC20/IERC20.sol"
      ],
      "versionPragmas": [
        "0.8.18"
      ],
      "artifacts": [
        "IMasterChefRewarder"
      ]
    },
    "D:\\__Work\\Task_Home\\sushi\\node_modules\\@openzeppelin\\contracts\\token\\ERC20\\IERC20.sol": {
      "lastModificationDate": 1676258147984,
      "contentHash": "ad7c2d0af148c8f9f097d65deeb4da6b",
      "sourceName": "@openzeppelin/contracts/token/ERC20/IERC20.sol",
      "solcConfig": {
        "version": "0.8.18",
        "settings": {
          "metadata": {
            "bytecodeHash": "none",
            "useLiteralContent": false
          },
          "optimizer": {
            "enabled": false,
            "runs": 800
          },
          "outputSelection": {
            "*": {
              "*": [
                "abi",
                "evm.bytecode",
                "evm.deployedBytecode",
                "evm.methodIdentifiers",
                "metadata",
                "storageLayout"
              ],
              "": [
                "ast"
              ]
            }
          }
        }
      },
      "imports": [],
      "versionPragmas": [
        "^0.8.0"
      ],
      "artifacts": [
        "IERC20"
      ]
    },
    "D:\\__Work\\Task_Home\\sushi\\contracts\\Sushi.sol": {
      "lastModificationDate": 1676337683226,
      "contentHash": "1dd51df3a8a419e704d0b9f6b5558b12",
      "sourceName": "contracts/Sushi.sol",
      "solcConfig": {
        "version": "0.8.18",
        "settings": {
          "metadata": {
            "bytecodeHash": "none",
            "useLiteralContent": false
          },
          "optimizer": {
            "enabled": false,
            "runs": 800
          },
          "outputSelection": {
            "*": {
              "*": [
                "abi",
                "evm.bytecode",
                "evm.deployedBytecode",
                "evm.methodIdentifiers",
                "metadata",
                "storageLayout"
              ],
              "": [
                "ast"
              ]
            }
          }
        }
      },
      "imports": [
        "@openzeppelin/contracts/token/ERC20/IERC20.sol",
        "@openzeppelin/contracts/token/ERC20/utils/SafeERC20.sol",
        "@openzeppelin/contracts/access/Ownable.sol",
        "hardhat/console.sol",
        "./interfaces/ISushiRouter.sol",
        "./interfaces/ISushiFactory.sol",
        "./interfaces/IMasterChefV1.sol",
        "./interfaces/IMasterChefV2.sol",
        "./interfaces/IMasterChefRewarder.sol"
      ],
      "versionPragmas": [
        "0.8.18"
      ],
      "artifacts": [
        "Sushi"
      ]
    },
    "D:\\__Work\\Task_Home\\sushi\\node_modules\\@openzeppelin\\contracts\\token\\ERC20\\utils\\SafeERC20.sol": {
      "lastModificationDate": 1676258148010,
      "contentHash": "0320a90f714843ca19373ed143fc4466",
      "sourceName": "@openzeppelin/contracts/token/ERC20/utils/SafeERC20.sol",
      "solcConfig": {
        "version": "0.8.18",
        "settings": {
          "metadata": {
            "bytecodeHash": "none",
            "useLiteralContent": false
          },
          "optimizer": {
            "enabled": false,
            "runs": 800
          },
          "outputSelection": {
            "*": {
              "*": [
                "abi",
                "evm.bytecode",
                "evm.deployedBytecode",
                "evm.methodIdentifiers",
                "metadata",
                "storageLayout"
              ],
              "": [
                "ast"
              ]
            }
          }
        }
      },
      "imports": [
        "../IERC20.sol",
        "../extensions/draft-IERC20Permit.sol",
        "../../../utils/Address.sol"
      ],
      "versionPragmas": [
        "^0.8.0"
      ],
      "artifacts": [
        "SafeERC20"
      ]
    },
    "D:\\__Work\\Task_Home\\sushi\\node_modules\\@openzeppelin\\contracts\\access\\Ownable.sol": {
      "lastModificationDate": 1676258148004,
      "contentHash": "e436cea06129be2c73cda4b1acc848b5",
      "sourceName": "@openzeppelin/contracts/access/Ownable.sol",
      "solcConfig": {
        "version": "0.8.18",
        "settings": {
          "metadata": {
            "bytecodeHash": "none",
            "useLiteralContent": false
          },
          "optimizer": {
            "enabled": false,
            "runs": 800
          },
          "outputSelection": {
            "*": {
              "*": [
                "abi",
                "evm.bytecode",
                "evm.deployedBytecode",
                "evm.methodIdentifiers",
                "metadata",
                "storageLayout"
              ],
              "": [
                "ast"
              ]
            }
          }
        }
      },
      "imports": [
        "../utils/Context.sol"
      ],
      "versionPragmas": [
        "^0.8.0"
      ],
      "artifacts": [
        "Ownable"
      ]
    },
    "D:\\__Work\\Task_Home\\sushi\\node_modules\\hardhat\\console.sol": {
      "lastModificationDate": 1670755159007,
      "contentHash": "4ff3cd2f6272c9a6516e9ee4f2b967d3",
      "sourceName": "hardhat/console.sol",
      "solcConfig": {
        "version": "0.8.18",
        "settings": {
          "metadata": {
            "bytecodeHash": "none",
            "useLiteralContent": false
          },
          "optimizer": {
            "enabled": false,
            "runs": 800
          },
          "outputSelection": {
            "*": {
              "*": [
                "abi",
                "evm.bytecode",
                "evm.deployedBytecode",
                "evm.methodIdentifiers",
                "metadata",
                "storageLayout"
              ],
              "": [
                "ast"
              ]
            }
          }
        }
      },
      "imports": [],
      "versionPragmas": [
        ">=0.4.22 <0.9.0"
      ],
      "artifacts": [
        "console"
      ]
    },
    "D:\\__Work\\Task_Home\\sushi\\contracts\\interfaces\\ISushiRouter.sol": {
      "lastModificationDate": 1676084337282,
      "contentHash": "9bf50cc686429f55bea6ccd2b584a9ed",
      "sourceName": "contracts/interfaces/ISushiRouter.sol",
      "solcConfig": {
        "version": "0.8.18",
        "settings": {
          "metadata": {
            "bytecodeHash": "none",
            "useLiteralContent": false
          },
          "optimizer": {
            "enabled": false,
            "runs": 800
          },
          "outputSelection": {
            "*": {
              "*": [
                "abi",
                "evm.bytecode",
                "evm.deployedBytecode",
                "evm.methodIdentifiers",
                "metadata",
                "storageLayout"
              ],
              "": [
                "ast"
              ]
            }
          }
        }
      },
      "imports": [],
      "versionPragmas": [
        "0.8.18"
      ],
      "artifacts": [
        "ISushiRouter"
      ]
    },
    "D:\\__Work\\Task_Home\\sushi\\contracts\\interfaces\\ISushiFactory.sol": {
      "lastModificationDate": 1676084333937,
      "contentHash": "dd564a997d5efc60d7b77ff3df047a40",
      "sourceName": "contracts/interfaces/ISushiFactory.sol",
      "solcConfig": {
        "version": "0.8.18",
        "settings": {
          "metadata": {
            "bytecodeHash": "none",
            "useLiteralContent": false
          },
          "optimizer": {
            "enabled": false,
            "runs": 800
          },
          "outputSelection": {
            "*": {
              "*": [
                "abi",
                "evm.bytecode",
                "evm.deployedBytecode",
                "evm.methodIdentifiers",
                "metadata",
                "storageLayout"
              ],
              "": [
                "ast"
              ]
            }
          }
        }
      },
      "imports": [],
      "versionPragmas": [
        "0.8.18"
      ],
      "artifacts": [
        "ISushiFactory"
      ]
    },
    "D:\\__Work\\Task_Home\\sushi\\contracts\\interfaces\\IMasterChefV1.sol": {
      "lastModificationDate": 1676262940587,
      "contentHash": "c0602a5dcebd3edefbef3c3830667a7a",
      "sourceName": "contracts/interfaces/IMasterChefV1.sol",
      "solcConfig": {
        "version": "0.8.18",
        "settings": {
          "metadata": {
            "bytecodeHash": "none",
            "useLiteralContent": false
          },
          "optimizer": {
            "enabled": false,
            "runs": 800
          },
          "outputSelection": {
            "*": {
              "*": [
                "abi",
                "evm.bytecode",
                "evm.deployedBytecode",
                "evm.methodIdentifiers",
                "metadata",
                "storageLayout"
              ],
              "": [
                "ast"
              ]
            }
          }
        }
      },
      "imports": [],
      "versionPragmas": [
        "0.8.18"
      ],
      "artifacts": [
        "IMasterChefV1"
      ]
    },
    "D:\\__Work\\Task_Home\\sushi\\contracts\\interfaces\\IMasterChefV2.sol": {
      "lastModificationDate": 1676302125167,
      "contentHash": "4c82b9888763bc7472527a09682f1e5c",
      "sourceName": "contracts/interfaces/IMasterChefV2.sol",
      "solcConfig": {
        "version": "0.8.18",
        "settings": {
          "metadata": {
            "bytecodeHash": "none",
            "useLiteralContent": false
          },
          "optimizer": {
            "enabled": false,
            "runs": 800
          },
          "outputSelection": {
            "*": {
              "*": [
                "abi",
                "evm.bytecode",
                "evm.deployedBytecode",
                "evm.methodIdentifiers",
                "metadata",
                "storageLayout"
              ],
              "": [
                "ast"
              ]
            }
          }
        }
      },
      "imports": [],
      "versionPragmas": [
        "0.8.18"
      ],
      "artifacts": [
        "IMasterChefV2"
      ]
    },
    "D:\\__Work\\Task_Home\\sushi\\node_modules\\@openzeppelin\\contracts\\token\\ERC20\\extensions\\draft-IERC20Permit.sol": {
      "lastModificationDate": 1676258147930,
      "contentHash": "fb77f144244b9ab12533aa6ce85ef8c5",
      "sourceName": "@openzeppelin/contracts/token/ERC20/extensions/draft-IERC20Permit.sol",
      "solcConfig": {
        "version": "0.8.18",
        "settings": {
          "metadata": {
            "bytecodeHash": "none",
            "useLiteralContent": false
          },
          "optimizer": {
            "enabled": false,
            "runs": 800
          },
          "outputSelection": {
            "*": {
              "*": [
                "abi",
                "evm.bytecode",
                "evm.deployedBytecode",
                "evm.methodIdentifiers",
                "metadata",
                "storageLayout"
              ],
              "": [
                "ast"
              ]
            }
          }
        }
      },
      "imports": [],
      "versionPragmas": [
        "^0.8.0"
      ],
      "artifacts": [
        "IERC20Permit"
      ]
    },
    "D:\\__Work\\Task_Home\\sushi\\node_modules\\@openzeppelin\\contracts\\utils\\Address.sol": {
      "lastModificationDate": 1676258147917,
      "contentHash": "f31ad6fc4bbf9c06203987220156a6ba",
      "sourceName": "@openzeppelin/contracts/utils/Address.sol",
      "solcConfig": {
        "version": "0.8.18",
        "settings": {
          "metadata": {
            "bytecodeHash": "none",
            "useLiteralContent": false
          },
          "optimizer": {
            "enabled": false,
            "runs": 800
          },
          "outputSelection": {
            "*": {
              "*": [
                "abi",
                "evm.bytecode",
                "evm.deployedBytecode",
                "evm.methodIdentifiers",
                "metadata",
                "storageLayout"
              ],
              "": [
                "ast"
              ]
            }
          }
        }
      },
      "imports": [],
      "versionPragmas": [
        "^0.8.1"
      ],
      "artifacts": [
        "Address"
      ]
    },
    "D:\\__Work\\Task_Home\\sushi\\node_modules\\@openzeppelin\\contracts\\utils\\Context.sol": {
      "lastModificationDate": 1676258147921,
      "contentHash": "5f2c5c4b6af2dd4551027144797bc8be",
      "sourceName": "@openzeppelin/contracts/utils/Context.sol",
      "solcConfig": {
        "version": "0.8.18",
        "settings": {
          "metadata": {
            "bytecodeHash": "none",
            "useLiteralContent": false
          },
          "optimizer": {
            "enabled": false,
            "runs": 800
          },
          "outputSelection": {
            "*": {
              "*": [
                "abi",
                "evm.bytecode",
                "evm.deployedBytecode",
                "evm.methodIdentifiers",
                "metadata",
                "storageLayout"
              ],
              "": [
                "ast"
              ]
            }
          }
        }
      },
      "imports": [],
      "versionPragmas": [
        "^0.8.0"
      ],
      "artifacts": [
        "Context"
      ]
    }
  }
}
